State,Year,Anm,Total,industry,Transport total,"transport, including rail transport","traffic, including road traffic","transport, including air transport","transport, including coastal and inland shipping","households, businesses, trade, services, other consumers",Stand
Baden-Württemberg,1990,,976914,242681,287823,8111,266906,11311,1495,446410,
Baden-Württemberg,1991,,1030789,248249,288279,8699,268498,9545,1537,494261,
Baden-Württemberg,1992,,1040696,241085,314199,8599,295684,8293,1623,485412,
Baden-Württemberg,1993,,1059453,229403,325510,8466,306416,8953,1675,504540,
Baden-Württemberg,1994,,1027431,223593,315947,8480,295211,10666,1590,487891,
Baden-Württemberg,1995,,1050679,228462,319845,8448,300732,9333,1332,502372,
Baden-Württemberg,1996,,1092577,219946,319858,8768,301156,8688,1246,552773,
Baden-Württemberg,1997,,1072431,217294,323071,8783,303881,9419,988,532066,
Baden-Württemberg,1998,,1094723,218718,330968,9201,310070,10795,902,545037,
Baden-Württemberg,1999,,1090105,210117,342492,8103,323466,10193,730,537496,
Baden-Württemberg,2000,,1062956,217399,334419,7895,315343,10494,687,511138,
Baden-Württemberg,2001,,1118815,220744,326587,6203,311181,8559,644,571484,
Baden-Württemberg,2002,,1048780,216507,323366,6456,307708,8644,558,508907,
Baden-Württemberg,2003,LAK3),1134777.283,240883,314613.262,6337.216,298558.046,9117,601,579281.021,24.01.2024
Baden-Württemberg,2004,LAK3),1130353.544,238974,319553.3442,6263.2572,300605.087,11998,687,571826.2,06.07.2022
Baden-Württemberg,2005,LAK3),1144569.394,243390,314368.2544,7836.301769,293139.3051,12600,792.6475132,586811.1392,06.07.2022
Baden-Württemberg,2006,LAK3),1165562.714,246806,317758.104,7969.932175,295305.8253,13826,656.3465265,600998.6102,06.07.2022
Baden-Württemberg,2007,LAK3),1091663.23,254297,317621.2645,7744.052335,294959.8811,14511,406.3310837,519744.9652,06.07.2022
Baden-Württemberg,2008,LAK3),1127265.569,246475,305651.9538,6813.435687,287478.955,11033.57994,325.9831323,575138.6151,06.07.2022
Baden-Württemberg,2009,LAK3),1064150.716,214258.064,300417.1235,7249.140242,283903.4724,8588.36001,676.1508354,549475.5282,07.07.2022
Baden-Württemberg,2010,LAK3),1092947.401,231349,302392.5419,6949.997845,287049.0498,7772.141312,621.3528594,559206.2492,07.07.2022
Baden-Württemberg,2011,LAK3),1050021.408,232042.2901,311528.225,6989.280446,295368.4909,8574.933025,595.520623,506450.8931,17.05.2022
Baden-Württemberg,2012,LAK3),1036939.401,223040.0328,310947.5728,6910.314703,292634.0373,10807.62003,595.6008092,502951.7956,17.05.2022
Baden-Württemberg,2013,LAK3),1089193.498,226164.8453,315544.5137,6854.761542,298380.3876,9755.879997,553.4845708,547484.1392,18.05.2022
Baden-Württemberg,2014,LAK3),1019395.132,221068.1279,318569.0782,6044.931895,302104.8161,9911.865488,507.4647815,479757.9257,11.07.2022
Baden-Württemberg,2015,LAK3),1051026.83,221861.966,325905.9503,5914.421819,308434.7699,11005.98026,550.7783097,503258.9134,12.05.2022
Baden-Württemberg,2016,LAK3),1071487.227,220807.9833,333125.6161,6261.58379,315224.5785,11173.78818,465.6656354,517553.6278,12.05.2022
Baden-Württemberg,2017,LAK3),1071427.802,223708.4014,336234.5174,6025.24359,318365.5216,11378.11835,465.6338678,511484.8836,12.05.2022
Baden-Württemberg,2018,LAK3),1050824.851,223125.4081,328359.301,6182.872806,309448.1933,12258.64144,469.5933996,499340.142,27.03.2023
Baden-Württemberg,2019,,1082802.842,216296.7651,331750.1481,5903.26563,312196.3616,13226.87061,423.6502111,534755.9287,27.03.2023
Baden-Württemberg,2020,,1024740.185,205916.2493,296165.7468,5869.23571,285402.3848,4429.480003,464.646316,522658.189,27.03.2023
Baden-Württemberg,2021,,1027592.404,217809.307,298745.2743,6014.738221,287167.4541,5098.222717,464.8592508,511037.8222,07.03.2024
Baden-Württemberg,2022,p),992196.7012,204380.8869,303019.0464,6132.189143,288502.2566,7907.901107,476.6995092,484796.7679,07.03.2024
Bayern,1990,,1195515.091,294649,385229,12750,352997,18967,555,515635,04.02.2021
Bayern,1991,,1261676.806,304535,395172,13230,362845,18456,641,561970,04.02.2021
Bayern,1992,,1255391,305356,401017,13411,369537,17343,726,549018,04.02.2021
Bayern,1993,,1305414,300031,424455,13109,392594,18026,726,580928,04.02.2021
Bayern,1994,,1276485.2,298237,409778,13660,376726,18709,683,568468,04.02.2021
Bayern,1995,,1336947,270504,419615,13756,386165,19178,516,646828,04.02.2021
Bayern,1996,,1390970,265297,428723,13642,389580,25028,473,696950,12.10.2016
Bayern,1997,,1363902.776,262261,436938,13906,395510,27135,387,664703,12.10.2016
Bayern,1998,,1384795.444,264865.3131,447831.3722,13933.0572,403710.503,29801.172,386.64,672099.209,12.10.2016
Bayern,1999,,1383227.486,261061.1314,470415.1788,13511.6388,424393.648,32209.172,300.72,651749.82,27.09.2001
Bayern,2000,,1371206.719,271660.7067,463725.3118,13889.2608,415735.119,33843.172,257.76,635821.4464,08.12.2002
Bayern,2001,,1420250.57,264135.7432,449862.6238,9452.8128,407125.879,33026.172,257.76,706251.6049,28.11.2003
Bayern,2002,,1370207.347,254477.0991,446788.9622,9588.0048,403787.9854,33198.172,214.8,668941.2856,10.01.2005
Bayern,2003,,1359545.509,270856.0444,430457.1908,9152.5248,386215.277,34831.629,257.76,658232.2741,29.11.2006
Bayern,2004,,1353160.786,288841.2556,450002.4582,11973.69888,389703.7842,48049.47269,275.50248,614317.0717,28.09.2019
Bayern,2005,,1322398.826,288608.5252,444650.8366,15401.76808,375597.0168,53318.15403,333.8976772,589139.4646,26.10.2009
Bayern,2006,,1370178.374,295530.7978,449960.2113,11113.3546,379844.5325,58732.08412,270.2400977,624687.3649,18.11.2009
Bayern,2007,,1264865.995,308838.4118,448947.1674,11091.05262,376825.8266,60862.88214,167.4060015,507080.4159,30.11.2009
Bayern,2008,,1345034.781,291845.4263,444351.1963,10889.96297,370895.2841,62431.72091,134.2283486,608838.1585,29.04.2013
Bayern,2009,,1305198.667,273461.7147,446589.8063,10549.63823,366365.7565,69395.99655,278.4150499,585147.1462,04.02.2021
Bayern,2010,"BY4), LAK2)",1404878.666,312384.3244,441591.6642,11153.05338,369840.2415,60342.51816,255.8511774,650902.6774,04.02.2021
Bayern,2011,,1391402,321876,449288,10979,377910,60229,170,620239,07.03.2017
Bayern,2012,,1385984.74,325027.0292,442205.7885,11102.06387,372535.6213,58440.47462,127.6287448,618751.9228,30.12.2015
Bayern,2013,"BY1), LAK2)",1399107.551,319147.6721,445106.306,11082.97843,378525.711,55369.88939,127.7272087,634853.5725,21.21.2015
Bayern,2014,"BY2), LAK2)",1332450.428,309304.8103,449320.7758,11004.48959,384114.3205,54074.18103,127.7846435,573824.8417,21.11.2018
Bayern,2015,"BY2), LAK2)",1365584.515,302682.3036,465413.2212,10685.2561,383788.3672,70812.49518,127.1026868,597488.9904,21.11.2018
Bayern,2016,"BY2), LAK2)",1410431.986,313115.5713,476934.3706,10979.51357,390426.3412,75401.51616,126.9997187,620382.0442,21.11.2018
Bayern,2017,"BY2), LAK2)",1423502.285,316572.1971,482748.9268,10675.92305,396591.2448,75354.76784,126.9910549,624181.1607,21.11.2019
Bayern,2018,"BY2), LAK2)",1441042.454,324900.4166,473859.2497,10782.4204,385466.6883,77454.14081,156.0001932,642282.7876,04.02.2021
Bayern,2019,"BY2), LAK2)",1481548.099,319232.4795,479982.2492,10498.46637,388760.0601,80535.17483,188.5479641,682333.3707,14.01.2022
Bayern,2020,"BY2), LAK2)",1379580.328,294558.6057,389882.7662,10226.10915,354633.0977,24871.54998,152.0094046,695138.9556,30.03.2024
Bayern,2021,"BY2), LAK2)",1391667.37,320101.405,390311.1752,10346.18394,356687.4153,23127.26179,150.3142555,681254.7899,19.02.2024
Bayern,2022,,,,,,,,,,
Berlin,1990,LAK3),261434,35720,61322,5439,50461,4953,469,164392,10.03.2022
Berlin,1991,,274737.8999,36758.0834,72302,2578,63678,5276,770,165677.8165,10.03.2022
Berlin,1992,,239839.5427,35776.08252,60296,2781,50857,5975,683,143767.4601,10.03.2022
Berlin,1993,,274413.1809,33460.04001,67836,2707,58252,6194,683,173117.1409,10.03.2022
Berlin,1994,,264112.5913,26972.7785,65068,2813,56238,5287,730,172071.8128,10.03.2022
Berlin,1995,,261207.5021,26714.2,70145,3789,59175,6623,558,164348.3021,10.03.2022
Berlin,1996,,270786.5797,24190.7476,69842,3782,59086,6416,558,176753.8321,10.03.2022
Berlin,1997,,254572.5138,23829.82128,69324,3657,58649,6502,516,161418.6925,10.03.2022
Berlin,1998,,247306.9162,21910.58229,69743.08303,3619.70403,58587.18948,7020.669524,515.52,155653.2508,10.03.2022
Berlin,1999,,265706.2474,18831.51669,71642.14651,3622.1328,58076.31892,9511.186084,429.6,175232.5842,10.03.2022
Berlin,2000,,270182.9103,21866.7768,71283.1096,3674.1816,56429.288,10793,386.64,177033.0395,10.03.2022
Berlin,2001,,277159.3127,19304.16722,71222.0876,3705.4356,55649.012,11481,386.64,186633.0579,10.03.2022
Berlin,2002,,265273.5887,18785.11262,69351.3144,3834.5424,54122.092,11051,343.68,177137.1617,10.03.2022
Berlin,2003,LAK3),276215.816,16781.26564,69443.3034,5387.9388,52445.6846,11266,343.68,189991.2146,10.03.2022
Berlin,2004,LAK3),270974.3943,15127.13611,69483.8964,4782.6876,53306.5688,11008,386.64,186363.3618,10.03.2022
Berlin,2005,LAK3),259490.0731,14139.14571,66342.24183,3025.177776,50908.46565,11954,454.5984,179009.44,10.03.2022
Berlin,2006,LAK3),264301.0315,19323.09594,68010.75021,4030.231725,50692.29621,12903.47027,384.752,176967.1854,10.03.2022
Berlin,2007,LAK3),232638.2429,19039.92671,67003.89483,3762.0872,49864.51963,13139.6,237.688,146594.4214,10.03.2022
Berlin,2008,LAK3),248056.3639,19612.7043,66242.45643,3653.0634,48906.85983,13488.8052,193.728,162201.2032,10.03.2022
Berlin,2009,LAK3),249386.9832,15554.2862,63652.15563,3525.19704,48425.09619,11302.1104,399.752,170180.5414,10.03.2022
Berlin,2010,LAK3),271172.234,16973.7416,65776.13208,3394.286271,49174.8974,12841.09012,365.8582905,188422.3603,10.03.2022
Berlin,2011,LAK3),241848.0509,17240.88779,65782.57073,3466.655602,50101.85925,11788.7036,425.35228,158824.5924,10.03.2022
Berlin,2012,LAK3),244544.177,16373.6897,66448.50612,3519.28372,49842.06492,12619.1948,467.96268,161721.9811,10.03.2022
Berlin,2013,LAK3),251485.6695,15397.89688,69005.31733,3304.837278,51813.29157,13376.284,510.90448,167082.4553,10.03.2022
Berlin,2014,LAK3),234489.8483,12499.05741,74594.02483,3485.248486,56784.31834,13736.018,588.44,147396.7661,10.03.2022
Berlin,2015,LAK3),229970.3834,12624.34566,72504.0264,3690.680898,54465.20008,13754.99954,593.145872,144842.0113,10.03.2022
Berlin,2016,LAK3),236926.9617,11986.38586,74786.48344,3766.301517,55601.6454,14783.53793,634.9985937,150154.0924,10.03.2022
Berlin,2017,LAK3),236684.6958,11860.0004,76159.61138,4027.798365,56631.76271,14780.43432,719.6159775,148665.084,10.03.2022
Berlin,2018,LAK3),234923.9427,12019.62868,76740.53941,3506.817979,55811.67361,16745.18315,676.8646742,146163.7746,05.02.2024
Berlin,2019,LAK3),232355.4316,11164.62218,80629.67538,3154.106203,56471.76321,20284.525,719.2809614,140561.134,05.02.2024
Berlin,2020,,205309.1988,10425.85672,60846.17662,3299.426495,51449.19074,5422.84988,674.7095028,134037.1654,05.02.2024
Berlin,2021,,210008.4134,10909.07466,55876.87588,3595.662243,51689.82525,0,591.3883782,143222.4629,05.02.2024
Berlin,2022,p),198563.9872,10352.80106,56246.60256,3264.828499,52393.81486,0,587.9592,131964.9156,05.02.2024
Brandenburg,1990,LAK3),365976,142874,46285,3334,37257,5440,254,176817,10.03.2022
Brandenburg,1991,,269647,82791,58688,1372,54498,2647,171,128168,10.03.2022
Brandenburg,1992,,245105,73390,63323,4333,56299,2477,214,108392,10.03.2022
Brandenburg,1993,,255322,75468,73359,4391,65550,3247,171,106495,10.03.2022
Brandenburg,1994,,249097,68113,74525,4316,66639,3312,258,106459,10.03.2022
Brandenburg,1995,,273319.325,78651.669,82347.751,5008.56,73081.808,4085.543,171.84,112320.305,10.03.2022
Brandenburg,1996,,275191.463,75224.996,80879.595,4707.84,72473.372,3526.543,171.84,119086.856,10.03.2022
Brandenburg,1997,,282966.11,74812.341,81180.353,4457.04,72680.01,3913.543,128.88,126974,10.03.2022
Brandenburg,1998,,292273.434,84621.282,83138.039,4910.64,74055.976,4042.543,128.88,124514.113,10.03.2022
Brandenburg,1999,,274349.3733,89024.70968,83995.942,3676.56,75803.959,4386.543,128.88,101328.7217,10.03.2022
Brandenburg,2000,,286876.833,89737.01302,85081.531,4652.64,73548.468,6751.543,128.88,112058.289,10.03.2022
Brandenburg,2001,,299207.9997,85791.34068,84048.149,3997.05,73686.676,6235.543,128.88,129368.51,10.03.2022
Brandenburg,2002,,307631.7268,91463.08112,82452.2756,4195.5276,71677.285,6493.543,85.92,133716.37,10.03.2022
Brandenburg,2003,LAK3),298266.0976,93203.77529,79926.828,4052.4912,72304.8738,3483.543,85.92,125135.4943,10.03.2022
Brandenburg,2004,LAK3),299305.5816,90660.98199,81311.39699,3966.5712,74076.40279,3139.543,128.88,127333.2026,10.03.2022
Brandenburg,2005,LAK3),288778.7467,88422.88276,76033.2682,2307.192522,69074.65268,4515.543,135.88,124322.5958,10.03.2022
Brandenburg,2006,LAK3),289470.5287,95054.85597,76927.2483,2210.05578,68792.89472,5809.6018,114.696,117488.4244,10.03.2022
Brandenburg,2007,LAK3),286003.2248,101661.7945,78561.23563,2258.5072,70510.92823,5720.0642,71.736,105780.1947,10.03.2022
Brandenburg,2008,LAK3),277878.2116,85533.89975,77120.36318,2413.2108,69299.70138,5348.603,58.848,115223.9487,10.03.2022
Brandenburg,2009,LAK3),271717.6175,76360.61595,76583.11364,2868.2348,68604.00264,4991.1802,119.696,118773.8879,10.03.2022
Brandenburg,2010,LAK3),290815.0815,89060.89453,80699.57789,3884.542,69620.21812,7084.713771,110.104,121054.6091,10.03.2022
Brandenburg,2011,LAK3),279873.0736,95776.62315,79391.71557,3994.33188,69848.88797,5463.40808,85.08764,104704.7348,10.03.2022
Brandenburg,2012,LAK3),286442.1108,96120.68545,78851.39709,4128.74676,69793.11229,4844.43448,85.10356,111470.0282,10.03.2022
Brandenburg,2013,LAK3),291345.6197,100343.6193,80466.42512,3810.42964,72079.39016,4491.447087,85.15824,110535.5753,10.03.2022
Brandenburg,2014,LAK3),284635.6366,95356.76719,81891.12471,3927.258784,73218.25852,4660.40532,85.202084,107387.7447,10.03.2022
Brandenburg,2015,LAK3),278030.9375,88119.27631,82049.68882,3677.876016,73020.04027,5267.037409,84.73512457,107861.9724,10.03.2022
Brandenburg,2016,LAK3),292347.3244,93975.06278,87172.69068,3880.226023,75891.86206,7315.936115,84.66647916,111199.571,10.03.2022
Brandenburg,2017,LAK3),300591.6116,103823.0545,89743.20474,3775.13112,77614.91412,8268.498796,84.66070323,107025.3524,10.03.2022
Brandenburg,2018,LAK3),304791.8698,106692.1378,86551.93221,3678.491802,74584.94006,8203.681786,84.81856081,111547.7997,09.02.2024
Brandenburg,2019,LAK3),294111.0095,105567.3179,86490.66224,3446.727391,75273.25008,7682.967888,87.71688637,102053.0294,09.02.2024
Brandenburg,2020,,282399.1283,98729.33473,77372.90936,3187.421469,69146.91631,4949.150629,89.42094705,106296.8842,09.02.2024
Brandenburg,2021,,300508.683,99446.58231,85765.10952,3323.016227,69404.77227,12948.24282,89.07821083,115296.9912,09.02.2024
Brandenburg,2022,p),305936.502,96502.84614,95305.72606,3402.209297,69616.36911,22183.52027,103.6273848,114127.9298,29.04.2024
Bremen,1990,,118275.758,56104.10819,23445.60372,525.2527774,18648.17059,1069.305354,3202.875,38726.04605,18.11.2020
Bremen,1991,,121580.1225,55923.57343,21943.80141,486.8631887,17142.05722,1069.301,3245.58,42675.3622,25.06.2019
Bremen,1992,,118479.8471,53100.3783,22385.38317,530.268287,17412.95689,1111.168,3330.99,41940.35651,25.06.2019
Bremen,1993,,114900.9158,49029.43489,22894.019,534.87,17660.761,1281.988,3416.4,42118.12062,25.06.2019
Bremen,1994,,122097.38,58807.01651,22274.6922,582.1872,17051.585,1333,3307.92,40360.94365,13.06.2019
Bremen,1995,,121125.5979,59491.62343,21505.5744,543.9324,17265.802,1376,2319.84,40128.40011,13.06.2019
Bremen,1996,,127032.9743,60361.37506,21388.9002,547.086,17188.7742,1548,2105.04,45282.69906,13.06.2019
Bremen,1997,,125605.6732,60369.15297,20952.7516,535.8936,17322.298,1548,1546.56,44283.76862,13.06.2019
Bremen,1998,,120266.8127,62438.72395,21094.389,500.8176,17584.8514,1634,1374.72,36733.69973,13.06.2019
Bremen,1999,,114818.2702,56411.13681,20896.7926,524.1456,17535.687,1720,1116.96,37510.34074,13.06.2019
Bremen,2000,,123645.2357,67969.38587,20744.14483,501.3684,17362.73643,1849,1031.04,34931.70499,18.06.2019
Bremen,2001,,125550.5068,67305.2066,20749.17106,933.8208,17107.27026,1720,988.08,37496.12917,18.06.2019
Bremen,2002,,121558.1338,64350.01561,20474.9446,954.4884,17027.2562,1634,859.2,36733.17363,18.06.2019
Bremen,2003,LAK3),124976.7455,68845.93776,19886.5067,971.232,16379.1147,1634,902.16,36244.30108,31.05.2023
Bremen,2004,LAK3),110041.1083,56138.0391,20111.52664,886.7208,16688.76584,1505,1031.04,33791.54256,31.05.2023
Bremen,2005,LAK3),96866.68273,44305.02159,20015.83705,1143.484711,16449.73082,1198.4,1224.221526,32546.27072,31.05.2023
Bremen,2006,LAK3),103408.5335,50092.16819,19537.91739,1107.887599,16099.71407,1326.8,1003.515723,33778.12126,31.05.2023
Bremen,2007,LAK3),114391.1681,63407.09819,19889.48571,1099.318947,16535.6604,1583.6,670.9063633,31094.5834,31.05.2023
Bremen,2008,LAK3),112528.3883,59409.86382,19478.65996,873.6624221,16268.48591,1797.6,538.9116358,33639.86381,31.05.2023
Bremen,2009,LAK3),104672.3407,50041.93438,19897.40253,922.0334371,16379.95148,1498,1097.417609,34733.00568,31.05.2023
Bremen,2010,LAK3),117197.2775,61020.34168,19851.91553,800.4331825,16837.8074,1210.891394,1002.783555,36326.8092,31.05.2023
Bremen,2011,LAK3),113884.1374,59796.2979,19992.36442,654.2642545,16558.02089,1689.178424,1090.900851,34098.21754,31.05.2023
Bremen,2012,LAK3),112311.8307,59311.07195,20094.98774,636.5503293,16713.93218,1651.60355,1092.901678,32905.77098,31.05.2023
Bremen,2013,LAK3),111590.6587,55953.94728,18976.87816,628.6528185,15642.29525,1814.331616,891.5984815,36659.83322,31.05.2023
Bremen,2014,LAK3),117727.7911,64247.92111,19808.64652,600.9459937,16457.06215,1885.461356,865.1770191,33671.22345,31.05.2023
Bremen,2015,LAK3),115986.3645,61247.07124,19957.06961,627.9436,16634.54674,1802.940607,891.6386713,34782.22368,31.05.2023
Bremen,2016,LAK3),115194.1913,63569.28618,20129.75269,691.4783559,16997.57873,1589.289085,851.4065145,31495.15246,06.04.2022
Bremen,2017,LAK3),110261.0053,58762.07439,20269.38436,654.4822105,17056.76967,1669.195097,888.937384,31229.54658,03.02.2022
Bremen,2018,LAK3),110540.0863,62104.45034,19896.17799,718.0612887,16502.6207,1777.044705,898.4512983,28539.45797,14.12.2021
Bremen,2019,,106250.8691,56822.44321,19666.07578,648.4744239,16706.85287,1420.679288,890.0691981,29762.35013,14.12.2021
Bremen,2020,,96284.44285,50992.10089,17251.96261,622.7119196,15295.5288,489.9582334,843.7636593,28040.37935,07.12.2022
Bremen,2021,,,,,,,,,,
Bremen,2022,,,,,,,,,,
Hamburg,1990,LAK3),200935.648,33264.58,75673.256,3253.188,57912.608,9085.48,5421.98,91997.812,30.06.2022
Hamburg,1991,,209610.816,35931.608,74266.472,3634.192,59055.62,6242.604,5334.056,99412.736,30.06.2022
Hamburg,1992,,199997.792,36019.532,63012.2,3692.808,44694.7,9847.488,4777.204,100966.06,30.06.2022
Hamburg,1993,,206386.936,35872.992,64418.984,3868.656,44489.544,10111.26,5949.524,106094.96,30.06.2022
Hamburg,1994,,204306.068,39477.876,62894.968,3780.732,42672.448,10550.88,5890.908,101933.224,30.06.2022
Hamburg,1995,,204575,37562,62542,3725,43254,11095,4468,104471,30.06.2022
Hamburg,1996,,216258,37486,62254,3912,42995,11395,3952,116518,30.06.2022
Hamburg,1997,,208616,39465,60470,3459,43254,10707,3050,108681,30.06.2022
Hamburg,1998,,,,,,,,,,
Hamburg,1999,,,,,,,,,,
Hamburg,2000,,,,,,,,,,
Hamburg,2001,,,,,,,,,,
Hamburg,2002,,,,,,,,,,
Hamburg,2003,LAK3),197994.9639,41605.4764,61887.36687,3455.183083,46432.51537,10148.543,1851.125422,94502.12064,30.06.2022
Hamburg,2004,LAK3),197257.7519,41917.46932,61949.98954,2562.308798,46855.47374,10406.543,2125.664008,93390.29299,30.06.2022
Hamburg,2005,LAK3),192696.0331,37334.28486,61980.11783,2510.0096,45023.68523,12040.543,2405.88,98647.6244,30.06.2022
Hamburg,2006,LAK3),192414.9009,32789.18271,64532.14273,2679.4552,45292.56053,14552.743,2007.384,95093.57544,30.06.2022
Hamburg,2007,LAK3),184982.0978,35293.22544,62933.45626,2025.0496,44941.47166,14723.943,1242.992,86755.41609,30.06.2022
Hamburg,2008,LAK3),186120.0867,33962.28291,58625.64233,2033.4764,43825.00693,11770.743,996.416,93532.1615,30.06.2022
Hamburg,2009,LAK3),182756.3215,33317.71678,57750.39436,1877.674881,43418.68542,10385.80797,2068.226085,91688.2104,30.06.2022
Hamburg,2010,LAK3),190894.2434,36029.44577,58833.29899,1945.816748,44248.71207,10738.16143,1900.608746,96031.49866,30.06.2022
Hamburg,2011,LAK3),178962.1081,32835.44896,59153.95911,1893.091874,43801.34363,11460.2758,1999.247806,86972.70005,30.06.2022
Hamburg,2012,LAK3),182567.7526,34628.89105,58941.98724,1890.557371,43761.93102,11204.89492,2084.603919,88996.87433,30.06.2022
Hamburg,2013,LAK3),179766.3463,29189.40166,59747.19849,1924.142961,45309.24137,10469.34554,2044.468615,90829.74611,30.06.2022
Hamburg,2014,LAK3),169526.4061,29356.9791,60857.04033,2047.853516,45506.2023,11174.05422,2128.930297,79312.38672,30.06.2022
Hamburg,2015,LAK3),174254.5483,29549.92099,61423.56588,2003.72085,45586.77954,11757.05478,2076.010705,83281.0614,30.06.2022
Hamburg,2016,LAK3),175189.3387,30309.94734,63013.58457,1995.156199,46800.84655,12159.60098,2057.98084,81865.80677,30.06.2022
Hamburg,2017,LAK3),175965.9106,29871.53601,64298.16593,1891.648365,47456.34431,12960.64673,1989.526526,81796.20869,30.06.2022
Hamburg,2018,LAK3),178479.607,29675.13407,65864.14497,2119.551498,47090.57371,14750.22628,1903.79349,82940.32794,30.01.2023
Hamburg,2019,,177802.9146,28924.4776,65739.53594,1885.347403,47258.88781,14716.56162,1878.73911,83138.90107,10.09.2024
Hamburg,2020,,163585.6706,29469.69596,52990.80286,2056.930751,43187.38154,5888.804306,1857.686262,81125.1718,10.09.2024
Hamburg,2021,,168783.3087,29684.87669,54941.76915,2144.434216,43455.58457,7515.469595,1826.28077,84156.66285,10.09.2024
Hamburg,2022,,155827.1244,25576.71401,58050.33706,2093.894343,43585.25774,10625.95756,1745.227417,72200.07334,27.08.2024
Hessen,1990,,750086,136754,310232,7796,182901,116973,2562,303100,14.07.2022
Hessen,1991,,800086,141527,320656,8487,190839,118554,2776,337907,08.03.2007
Hessen,1992,,814159,143004,325959,8502,188399,126154,2904,345195,09.06.2009
Hessen,1993,,820220,133432,335247,8429,192636,131193,2989,351545,21.09.2009
Hessen,1994,,805143,134558.426,333857.743,8404.72,185317.154,137171.629,2964.24,336725.695,12.05.2003
Hessen,1995,,808748,132499,340604,8600,188685,140870,2449,335645,06.03.2006
Hessen,1996,,864990,140920,349478,9007,189025,149212,2234,374592,06.03.2006
Hessen,1997,,837278,127891,356374,9094,191535,154155,1590,353012,03.12.2002
Hessen,1998,,823023,112746,360666,8960,195144,155101,1461,349611,03.12.2002
Hessen,1999,,807720,106897,378282,8130,204130,164819,1203,322541,03.12.2002
Hessen,2000,,832101,117446,382035,7867,200963,172088,1117,332620,01.10.2008
Hessen,2001,,857439,121552.958,371085.416,4504.8,196471.987,169034.629,1074,364800,01.10.2008
Hessen,2002,,830585,116721.976,368209.287,4836.24,193093.927,169334,945.12,345654,01.10.2008
Hessen,2003,LAK3),835809.1186,117520.938,367304.321,5538.48,188647.675,172130.086,988.08,350983.5901,14.07.2022
Hessen,2004,LAK3),825953.9645,116808.052,367997.69,5373.12,190323.524,171184.086,1116.96,341149.2015,14.07.2022
Hessen,2005,LAK3),842296.6972,118861.176,367685.134,5312.64,182417.288,178709.086,1245.84,355753.9072,14.07.2022
Hessen,2006,LAK3),841067.7008,117761.4,360362.384,5673.28,182156.818,171458.286,1074,362943.9168,14.07.2022
Hessen,2007,LAK3),799746.4896,118819.2,365351.0588,5613.28,182042.4448,177022.286,673.4,315576.0428,14.07.2022
Hessen,2008,LAK3),823130.3583,114359.986,371019.721,5399.52,177655.938,187422.686,540.52,337751.4783,14.07.2022
Hessen,2009,LAK3),780912.9445,98625.967,347805,4906,176147.02,165637.09,1115,334482.6655,14.07.2022
Hessen,2010,LAK3),797374.3145,110543,354902.44,5511.8,177695.84,170687.886,1007,331928.2599,14.07.2022
Hessen,2011,LAK3),763899.0835,112183.8742,349206.5052,5684.9952,178576.477,164011,933.38,302507.4101,14.07.2022
Hessen,2012,LAK3),775239.5741,110257.063,355748.428,5659.904,176752.725,172484.743,851.056,309234.0831,14.07.2022
Hessen,2013,LAK3),792971.6512,111249.5259,361725.3929,6146.255543,180538.0308,174274.5306,766.5760304,319996.7324,14.07.2022
Hessen,2014,LAK3),779003.4445,108279.0187,375048.2934,5753.838261,183994.3567,184490.7957,809.3027421,295676.1324,14.07.2022
Hessen,2015,LAK3),796988.295,109828.605,383281.7328,5251.542521,185821.7043,191445.8699,762.6161211,303877.9572,14.07.2022
Hessen,2016,LAK3),811852.9993,110492.197,392938.5092,5634.337192,193744.7405,192839.7664,719.6650729,308422.2931,14.07.2022
Hessen,2017,LAK3),808724.7284,111337.1823,395555.2215,5201.231336,195524.6789,194109.6952,719.6159775,301832.3247,14.07.2022
Hessen,2018,LAK3),797702.442,112066.4221,393103.4383,5318.01804,187167.0803,199899.1291,719.2108741,292532.5816,14.07.2022
Hessen,2019,,812899.7507,109031.2605,394131.2397,4828.119051,188696.3731,199802.8453,803.9022509,309737.2506,14.07.2022
Hessen,2020,,678520.883,102286.7182,271166.7402,4540.014047,171782.3023,94127.54504,716.8788468,305067.4246,08.03.2023
Hessen,2021,,710815.4844,109105.4337,289352.1398,4668.887659,172585.6629,111379.4748,718.1144593,312357.9109,20.03.2024
Hessen,2022, p),732386.1275,104095.3645,333173.149,4762.545001,173404.8787,154294.5231,711.2022011,295117.614,20.03.2024
Mecklenburg-Vorpommern,1990,,193074,30851,37403,5390,31536,435,42,124820,03.07.2018
Mecklenburg-Vorpommern,1991,,142984,18622,42904,3911,38652,43,299,81458,03.07.2018
Mecklenburg-Vorpommern,1992,,130448,13243,41654,2895,38375,43,342,75551,03.07.2018
Mecklenburg-Vorpommern,1993,,139139,11138,45700,3572,41658,43,427,82312,03.07.2018
Mecklenburg-Vorpommern,1994,,134479,11062,47640,3259,43908,43,430,75776,03.07.2018
Mecklenburg-Vorpommern,1995,,137876,12987,49895,2974,46448,129,344,74994,03.07.2018
Mecklenburg-Vorpommern,1996,,148095,12582,49233,2573,46273,86,301,86280,03.07.2018
Mecklenburg-Vorpommern,1997,,140357.8194,11681.34039,48886.49,2489.28,46053.41,129,214.8,79789.98901,03.07.2018
Mecklenburg-Vorpommern,1998,,136528.9593,11026.01756,49418.6546,2504.1756,46613.639,129,171.84,76084.28716,03.07.2018
Mecklenburg-Vorpommern,1999,,140067.4414,14432.40215,47662.53493,2400.23793,44875.417,258,128.88,77972.50435,03.07.2018
Mecklenburg-Vorpommern,2000,,133656.4281,14081.57363,47881.57028,2491.55928,45003.131,258,128.88,71693.28417,03.07.2018
Mecklenburg-Vorpommern,2001,,140067,14432,47663,2400,44875,258,129,77973,03.07.2018
Mecklenburg-Vorpommern,2002,,138139.7,14572.7,47067.7,2238.6,44405.5,323.3,100.3,76499.3,03.07.2018
Mecklenburg-Vorpommern,2003,,137408.3,16168.7,45399.4,2014.9,42949.2,330.5,104.8,75840.3,03.07.2018
Mecklenburg-Vorpommern,2004,,136141.8,17380.7,47075.9,1974.8,44226.8,752.6,121.7,71685.2,03.07.2018
Mecklenburg-Vorpommern,2005,,136473.9,18168.6,45256.8,1894.3,43050.5,172,139.9,73048.5,03.07.2018
Mecklenburg-Vorpommern,2006,,140786.8,21135.6,47265.2,1619.4,45375,151.2,119.6,72386.1,03.07.2018
Mecklenburg-Vorpommern,2007,,131114.6,20807.9,45461.9,1639.7,43575.6,171.3,75.3,64844.8,03.07.2018
Mecklenburg-Vorpommern,2008,,138605.7,22261.5,44572.2,1656,42699.3,171.2,45.7,71771.9,03.07.2018
Mecklenburg-Vorpommern,2009,,137061.7,19586.3,44720.8,1416.9,43056.3,119.5,128.2,72754.6,03.07.2018
Mecklenburg-Vorpommern,2010,,146243.8,22142.9,47241.5,2448.2,43734.3,941.6,117.4,76859.4,03.07.2018
Mecklenburg-Vorpommern,2011,,135437.1,20786.9,46518.4,2337.5,43609.8,388.9,182.3,68131.8,03.07.2018
Mecklenburg-Vorpommern,2012,,139876.8,20592.9,46359.6,2254.2,43709.3,214,182.2,72924.2,03.07.2018
Mecklenburg-Vorpommern,2013,,143390.1,22085.2,47138.2,2352.7,44454.6,148.7,182.2,74166.7,07.01.2021
Mecklenburg-Vorpommern,2014,,139305.5,22647,47068.4,2238,44397.6,250.5,182.3,69590.1,07.01.2021
Mecklenburg-Vorpommern,2015,,139371.5997,23098.31189,46165.55423,2276.937108,43604.67223,149.7796523,134.1652457,70107.73359,07.01.2021
Mecklenburg-Vorpommern,2016,,140458.7098,21587.49794,47476.27623,2240.667864,44964.94922,136.8456513,133.813496,71394.9356,07.01.2021
Mecklenburg-Vorpommern,2017,,137453.222,22191.68287,46611.02239,1878.271942,44370.6674,235.0919986,126.9910549,68650.51679,15.07.2021
Mecklenburg-Vorpommern,2018,,137881.1864,22281.55476,47401.88382,1865.618981,45118.66396,251.537812,166.0630622,68197.74783,15.07.2021
Mecklenburg-Vorpommern,2019,,137323.711,21915.60193,45083.74829,1870.426364,42736.03517,253.2952394,223.9915248,70324.36081,08.12.2023
Mecklenburg-Vorpommern,2020,,136077.5465,21811.30755,46975.84609,1073.540264,44021.04302,166.7019244,1714.560888,67290.39288,08.12.2023
Mecklenburg-Vorpommern,2021,,,,,,,,,,
Mecklenburg-Vorpommern,2022,,,,,,,,,,
Niedersachsen,1990,LAK3),949094,284533,248424,7957,233715,3848,2904,416137,28.02.2023
Niedersachsen,1991,,1005368,285164,258683,8230,244469,3037,2947,461521,22.03.2017
Niedersachsen,1992,,,,,,,,,,
Niedersachsen,1993,,,,,,,,,,
Niedersachsen,1994,,955203.941,274466.824,233519.949,8474.413,218381.836,3527.62,3136.08,447217.168,22.03.2017
Niedersachsen,1995,,,,,,,,,,
Niedersachsen,1996,,999858.422,254884.349,241171.786,9183.373,224980.213,4989.08,2019.12,503802.287,22.03.2017
Niedersachsen,1997,,,,,,,,,,
Niedersachsen,1998,,1016289.242,272888.4706,265223.8198,9420.83676,246042.297,8257.086,1503.6,478177.038,22.03.2017
Niedersachsen,1999,,,,,,,,,,
Niedersachsen,2000,,949817.1292,282947.8894,260294.329,4405.287,246558.036,8171.086,1159.92,406574.9108,22.03.2017
Niedersachsen,2001,,,,,,,,,,
Niedersachsen,2002,,960867.3685,271012.8572,256323.7445,5874.2388,242623.3397,6838.086,988.08,433530.7668,22.03.2017
Niedersachsen,2003,,,,,,,,,,
Niedersachsen,2004,LAK3),942996.8288,271951.8958,246967.4804,5124.4944,233458.523,7224.543,1159.92,424077.4526,28.02.2022
Niedersachsen,2005,,,,,,,,,,
Niedersachsen,2006,LAK3),956257.306,285994.2239,246055.0326,7261.54221,228965.7031,8708.137343,1119.649957,424208.0495,28.02.2022
Niedersachsen,2007,,,,,,,,,,
Niedersachsen,2008,LAK3),952470.2932,285207.3771,240961.8902,6532.1908,224372.9484,9502.343,554.408,426301.0259,28.02.2022
Niedersachsen,2009,LAK3),909934.3373,265791.514,235674.499,6780.70541,220977.2168,6763.143,1153.433778,408468.3244,28.02.2022
Niedersachsen,2010,LAK3),971511.8042,291183.6873,236645.0997,6957.581574,222226.3072,6401.256105,1059.954878,443683.0172,28.02.2022
Niedersachsen,2011,LAK3),920964.2946,289767.6804,240927.3009,6985.224783,225900.9778,7062.743,978.3553092,390269.3133,28.02.2022
Niedersachsen,2012,LAK3),898018.8064,284082.3952,238838.8546,6973.394638,224166.1095,6848.743,850.6073987,375097.5566,28.02.2022
Niedersachsen,2013,LAK3),912610.611,272577.4207,243121.4325,6604.674487,228570.5378,7179.856907,766.3632519,396911.7579,28.02.2022
Niedersachsen,2014,LAK3),892404.9963,265408.9444,245892.5072,6554.304916,231162.7634,7366.136146,809.3027421,381103.5447,28.02.2022
Niedersachsen,2015,LAK3),888192.6708,260231.5774,246174.7182,6638.322793,232561.4853,6127.558842,847.3512457,381786.3753,28.02.2022
Niedersachsen,2016,LAK3),897919.0605,266980.7031,248837.7623,6156.965627,235280.3515,6469.113972,931.3312708,382100.5951,28.02.2022
Niedersachsen,2017,LAK3),914769,265407.4184,251913.3434,5799.180786,238287.7635,6855.45458,970.944579,397448.2382,28.02.2022
Niedersachsen,2018,LAK3),917064.2141,285899.4018,242734.2141,6191.913504,229409.5961,6146.325962,986.3785945,388430.5981,28.02.2022
Niedersachsen,2019,,910466.9217,281261.9591,244831.279,5934.350078,230844.983,7029.387185,1022.558776,384373.6836,14.11.2022
Niedersachsen,2020,,870839.1587,267116.3313,220608.7472,5894.085262,210457.5974,3355.893168,901.1713521,383114.0802,29.11.2022
Niedersachsen,2021,,899562.0389,284185.6497,223984.0388,5943.667265,211474.1148,5657.239267,909.0174427,391399.0032,18.12.2023
Niedersachsen,2022,p),866314.9554,260191.9763,224123.3469,,,,,382003.3784,17.06.2024
Nordrhein-Westfalen,1990,,2292896.381,981929.953,496019.543,11716.322,450558.729,27979.317,5765.175,814946.885,12.03.2021
Nordrhein-Westfalen,1991,,2372612.012,951072.257,497156.425,12140.627,449818.498,29432.125,5765.175,924383.33,18.03.2021
Nordrhein-Westfalen,1992,,2371864.657,924224.577,527471.765,12094.322,476894.372,32504.371,5978.7,920168.315,12.03.2021
Nordrhein-Westfalen,1993,,2338621,889808,527018,12605,474266,34040,6107,921795,12.03.2021
Nordrhein-Westfalen,1994,,2299607.188,900957.2006,510965.443,12209.503,457349.705,35520.715,5885.52,887684.544,12.03.2021
Nordrhein-Westfalen,1995,,2370513.576,884649.166,526463.176,13175.721,469747.441,38315.715,5224.299,959401.234,12.03.2021
Nordrhein-Westfalen,1996,,2449427.828,881794.565,526292.262,13473.115,470165.415,37885.172,4768.56,1041341.001,12.03.2021
Nordrhein-Westfalen,1997,,2431588.471,910743.4,534462.557,13340.636,477607.006,39433.715,4081.2,986382.514,12.03.2021
Nordrhein-Westfalen,1998,,2394350.011,884649.5,544016.682,12705.36,486549.67,40981.172,3780.48,965683.829,12.03.2021
Nordrhein-Westfalen,1999,,2317829.204,838700.497,557750.105,14614.08,498674.19,41368.715,3093.12,921378.602,12.03.2021
Nordrhein-Westfalen,2000,,2309442.538,841240.99,549504.876,18248.281,487138.56,41239.715,2878.32,918696.672,18.03.2021
Nordrhein-Westfalen,2001,,2308401.388,818398.643,525411.814,11084.543,473864.116,37713.715,2749.44,964590.931,18.03.2021
Nordrhein-Westfalen,2002,,2238290.619,808821.411,520645.911,10252.32,472424.659,35563.172,2405.76,908823.297,12.03.2021
Nordrhein-Westfalen,2003,,2190314.116,832574.96,500055.382,10400.16,450654.37,36509.172,2491.68,857683.774,12.03.2021
Nordrhein-Westfalen,2004,,2223326.083,856195.205,518022.311,9111.84,456580.482,49494.629,2835.36,849108.567,12.03.2021
Nordrhein-Westfalen,2005,,2193941.711,773971.451,508564.188,16609.036,435783.576,52817.348,3354.228,911406.072,12.03.2021
Nordrhein-Westfalen,2006,,2265076.186,782362.042,508373.953,9659.16,436179.284,59751.029,2784.48,974340.191,12.03.2021
Nordrhein-Westfalen,2007,,2222499.785,888404.031,506612.315,9371.56,434671.286,60821.029,1748.44,827483.439,12.03.2021
Nordrhein-Westfalen,2008,,2349938.167,856832.09,483980.37,7424.36,424695.661,50420.629,1439.72,1009125.707,12.03.2021
Nordrhein-Westfalen,2009,,2081810.905,725985.356,500794.162,8008.52,428560.373,61291.829,2933.44,855031.387,12.03.2021
Nordrhein-Westfalen,2010,,2229377.754,884692.3311,496891.753,7488.12,433720.364,52988.629,2694.64,847793.6701,12.03.2021
Nordrhein-Westfalen,2011,,2097469.91,852245.4595,490810.556,7545.88,426800.847,53716.229,2747.6,754413.8946,12.03.2021
Nordrhein-Westfalen,2012,,2075105.419,816009.4708,503987.049,7107.04,438138.34,55599.429,3142.24,755108.8991,12.03.2021
Nordrhein-Westfalen,2013,,2087859.39,762999.4921,513105.734,7727.52,446657.928,55769.886,2950.4,811754.1634,12.03.2021
Nordrhein-Westfalen,2014,,2033909.74,754319.7707,515361.801,7460.64,450202.601,54484.4,3214.16,764228.1688,12.03.2021
Nordrhein-Westfalen,2015,,2033719.339,752142.1258,500585.7546,7589.6424,436258.2332,53663.91102,3073.968,780991.4587,12.03.2021
Nordrhein-Westfalen,2016,,2068924.923,786747.7749,509265.7867,8407.3092,438519.9138,59310.55571,3028.008,772911.3612,11.07.2019
Nordrhein-Westfalen,2017,,2026352.607,755757.065,522019.5065,8451.1776,445844.4561,64610.56877,3113.304,748576.0356,14.02.2020
Nordrhein-Westfalen,2018,,2119373.639,822386.0171,506413.0347,8892.669036,430888.8685,63577.07845,3054.418704,790574.5869,01.03.2021
Nordrhein-Westfalen,2019,,2125511.732,810290.262,504978.4053,8008.043057,435403.796,58525.38837,3041.177899,810243.0642,22.12.2022
Nordrhein-Westfalen,2020,,2050939.672,801656.2722,475768.9016,7751.242894,396302.9291,68831.53496,2883.194606,773514.4978,16.01.2024
Nordrhein-Westfalen,2021,,2088073.158,809612.8536,492144.0662,8088.604492,398308.6972,82903.43414,2843.330351,786316.2387,14.05.2024
Nordrhein-Westfalen,2022,,,,,,,,,,
Rheinland-Pfalz,1990,,425563,134768,103834,3228,98510,473,1623,186961,30.06.2023
Rheinland-Pfalz,1991,,454167,142034,106928,3343,101360,560,1665,205205,30.06.2023
Rheinland-Pfalz,1992,,448694,148231,109149,3324,103516,515,1794,191314,30.06.2023
Rheinland-Pfalz,1993,,463025,131993,125870,3203,120231,514,1922,205162,30.06.2023
Rheinland-Pfalz,1994,,463496,140513,123167,3342,117560,514,1751,199816,30.06.2023
Rheinland-Pfalz,1995,,485875.984,161514.44,128965,3409,121945,2065,1546,195396.544,30.06.2023
Rheinland-Pfalz,1996,,505578,156906,128298,3517,121771,1635,1375,220374,30.06.2023
Rheinland-Pfalz,1997,,493576.29,148943.305,127540.897,1245.84,123069.428,2151.629,1074,217092.088,30.06.2023
Rheinland-Pfalz,1998,,514930.571,173441.344,130606.846,1692.72,125645.92,2236,1032.206,210882.381,30.06.2023
Rheinland-Pfalz,1999,,510687.0044,173639.016,135431.6545,3122.780488,129427.508,2108.086,773.28,201616.334,30.06.2023
Rheinland-Pfalz,2000,,496920.1814,172290.1343,134010.2088,1783.9224,129198.6238,2311.51944,716.1432,190619.8383,30.06.2023
Rheinland-Pfalz,2001,,504643.4137,165204.2129,130551.0982,2371.2072,126073.531,1419,687.36,208888.1027,30.06.2023
Rheinland-Pfalz,2002,,492052.635,157474.8723,131116.2106,2439.1416,125065.629,3010,601.44,203461.5521,30.06.2023
Rheinland-Pfalz,2003,LAK3),471163.4656,132914.6838,134372.9192,2439.1416,126698.291,4591.086641,644.4,203875.8626,30.06.2023
Rheinland-Pfalz,2004,LAK3),479869.1684,125768.3727,138392.0196,2774.640635,129267.8648,5641.106591,708.4075168,215708.7761,30.06.2023
Rheinland-Pfalz,2005,LAK3),477946.3314,127881.2828,134194.3373,2548.854583,124674.8628,6131.34609,839.2738375,215870.7113,30.06.2023
Rheinland-Pfalz,2006,LAK3),492017.3437,143339.9351,136619.3628,2644.673606,124608.3,8631.167921,735.2212618,212058.0459,30.06.2023
Rheinland-Pfalz,2007,LAK3),472715.8348,158910.969,135495.6144,2528.247181,123738.7265,8798.16818,430.4725753,178309.2514,30.06.2023
Rheinland-Pfalz,2008,LAK3),491781.224,155703.5842,133390.4397,2472.232048,122040.1058,8532.943297,345.1586107,202687.2001,30.06.2023
Rheinland-Pfalz,2009,LAK3),469892.2594,145392.3393,132081.861,2203.660534,120774.8495,8387.426588,715.9244139,192418.059,30.06.2023
Rheinland-Pfalz,2010,LAK3),492708.828,153997.6219,132683.7882,2284.589114,121417.0481,8324.24791,657.9030276,206027.4178,30.06.2023
Rheinland-Pfalz,2011,LAK3),459838.8641,151967.0268,132945.9888,2522.973372,121833.5243,7908.896182,680.5949977,174925.8485,30.06.2023
Rheinland-Pfalz,2012,LAK3),455448.1692,148235.4884,129302.2618,2546.589784,119905.4428,6084.456751,765.772469,177910.4189,30.06.2023
Rheinland-Pfalz,2013,LAK3),469655.1202,152796.2906,129066.9708,2306.977516,120464.9693,5571.236516,723.7875157,187791.8588,30.06.2023
Rheinland-Pfalz,2014,LAK3),456911.0724,149047.4584,130573.2457,2300.959461,122868.4156,4722.352502,681.5180986,177290.3684,30.06.2023
Rheinland-Pfalz,2015,LAK3),464975.5514,150571.8394,130453.7292,2323.918121,123042.4633,4367.099152,720.2485588,183949.9828,30.06.2023
Rheinland-Pfalz,2016,LAK3),475374.0719,153234.0209,132737.3327,2398.129912,125257.1087,4489.428756,592.6653541,189402.7182,30.06.2023
Rheinland-Pfalz,2017,LAK3),478561.4453,151651.1411,134673.1318,2397.627432,126853.1408,4787.408285,634.9552743,192237.1723,30.06.2023
Rheinland-Pfalz,2018,LAK3),485760.7,155514.8148,129932.5705,2376.91164,120501.8038,6461.563777,592.2913081,200313.3147,31.10.2024
Rheinland-Pfalz,2019,,490727.4348,153475.121,129315.1024,2353.179941,121398.8235,4970.749896,592.349027,207937.2114,31.10.2024
Rheinland-Pfalz,2020,,479304.9417,153107.7557,117147.7606,2380.417679,111915.9119,2261.060219,590.370815,209049.4254,31.10.2024
Rheinland-Pfalz,2021,,492817.1814,159594.5878,117030.1648,2311.94134,111976.9527,2149.882337,591.3883782,216192.4289,31.10.2024
Rheinland-Pfalz,2022,,468506.2118,143991.1935,119073.2274,2585.901146,113352.8397,2538.931373,595.5551274,205441.791,31.10.2024
Saarland,1990,,,,,,,,,,
Saarland,1991,,,,,,,,,,
Saarland,1992,,,,,,,,,,
Saarland,1993,,,,,,,,,,
Saarland,1994,,,,,,,,,,
Saarland,1995,,,,,,,,,,
Saarland,1996,,,,,,,,,,
Saarland,1997,,,,,,,,,,
Saarland,1998,,,,,,,,,,
Saarland,1999,,,,,,,,,,
Saarland,2000,,183121,101765,30525,840,28783,903,0,50827,
Saarland,2001,,,,,,,,,,
Saarland,2002,,,,,,,,,,
Saarland,2003,,180687.682,97030.74349,28269.54572,1515.45,25893.55272,860.543,0,55387.39278,
Saarland,2004,,213838.3194,130270.0463,27452.84,668,25951.84,833,0,56115.51046,
Saarland,2005,,208587.8258,122437.412,26836,620,25785,431,0,59315.9936,
Saarland,2006,,220652.9465,135288.061,27224,568,26227,429,0,58141.88644,
Saarland,2007,,209760.7785,135902.0214,27037,576,26115,344,0,46823.75712,
Saarland,2008,,212657.0396,129727.706,25586.96054,558.4632,24728.05434,301.043,0,57341.9832,
Saarland,2009,,169195.0028,90252.60006,25262.3897,431.8452,24616.5445,214,0,53679.86806,
Saarland,2010,,194050.053,114423.842,26916.611,594.188,26107.423,215,0,52709.6,
Saarland,2011,,207844.878,132630.193,26111.157,247.147,25649.01,215,0,49103.528,
Saarland,2012,,202875.93,120326.454,25989.92,503.938,25313.982,172,0,56559.556,
Saarland,2013,,200186.8587,116129.1077,26116.824,458.471,25443.153,171.2,44,57940.927,
Saarland,2014,,199242.5138,126376.1648,25752.752,444.925,25179.827,128,0,47113.597,
Saarland,2015,,198125.493,123981.264,25901.284,498.373,25231.311,171.6,0,48242.945,
Saarland,2016,,161764.8628,88359.41887,25333.66818,479.5601979,24696.8841,157.2238858,0,47962.72859,
Saarland,2017,,,,,,,,,,
Saarland,2018,,,,,,,,,,
Saarland,2019,,166233.4348,88493.36414,25626.5048,498.8656239,24596.92819,530.7109846,0,52113.56591,
Saarland,2020,,155354.3255,77210.5702,23075.21829,454.2139196,22553.59478,67.4095948,0,55068.537,
Saarland,2021,,172597.5984,94206.59058,23317.4235,498.4363196,22573.34477,245.6424088,0,55073.58437,
Saarland,2022,,,,,,,,,,
Sachsen,1990,,544073,188001,78454,4015,71847,2338,254,277618,
Sachsen,1991,,421459,110703,75031,4394,69826,683,128,235726,
Sachsen,1992,,320675,73177,79341,4038,74449,683,171,168159,
Sachsen,1993,,328519,56739,92198,4127,86983,1045,43,179582,
Sachsen,1994,,324734,53659,92296,3842,87207,1161,86,178779,
Sachsen,1995,,340736.4843,59172.18658,100717.655,3380.88,95272.815,2021,42.96,180846.6427,
Sachsen,1996,,357319.2311,58429.09409,100772.278,3052.704,95397.614,2279,42.96,198117.859,
Sachsen,1997,,352461.4001,60809.4873,100411.091,2445.88,95514.251,2408,42.96,191240.8218,
Sachsen,1998,,355187.2895,63026.74322,101946.8582,2471.9772,96765.921,2666,42.96,190213.688,
Sachsen,1999,,355337.2682,65472.24062,104757.9025,2001.1416,99918.8009,2795,42.96,185107.1251,
Sachsen,2000,,344967.7971,67069.68582,101589.8846,2267.3856,95925.539,3354,42.96,176308.2266,
Sachsen,2001,,355755.3275,69446.51862,100234.0674,2400.6564,94565.451,3225,42.96,186074.7415,
Sachsen,2002,,344399.1528,65376.96964,101288.5512,3567.8052,94495.786,3182,42.96,177732.7837,
Sachsen,2003,LAK3),352918.532,66285,96456,3650,89667,3096,43,190177.532,31.07.2023
Sachsen,2004,LAK3),355321.1954,68680.32835,97678.697,3491.791,91563.946,2622.96,0,188962.17,31.07.2023
Sachsen,2005,LAK3),349956.3891,75729.87037,94128.8106,3533.8476,87496.963,3096,2,180097.7081,19.07.2023
Sachsen,2006,LAK3),351636.303,78458.647,96476.872,3103.716,87893.626,5435.6,43.93,176700.784,17.07.2023
Sachsen,2007,LAK3),333460.759,81048.646,98437.13,2966.364,87294.832,8132,43.934,153974.982,17.07.2023
Sachsen,2008,LAK3),351678.4544,80006.85478,107396.8562,2914.1568,85992.0994,18489.6,1,164274.7435,26.06.2023
Sachsen,2009,LAK3),346579.9422,72283.4318,109862.4382,2773.662,84872.41123,22170.4,45.965,164434.0722,26.06.2023
Sachsen,2010,LAK3),366174.2595,79889.04642,111894.6858,2820.4176,85275.32217,23754,44.946,174390.5273,14.07.2022
Sachsen,2011,LAK3),342080.8671,85353.16377,106540.3819,2641.7792,83608.24165,20244.4,45.961,150187.3215,14.07.2022
Sachsen,2012,LAK3),360420.7643,87578.32837,109772.5504,2664.5134,82931.43603,24130.64,45.961,163069.8855,14.07.2022
Sachsen,2013,LAK3),368053.9042,88390.6312,110082.6718,2579.8264,83875.0854,23582.8,44.96,169580.6012,14.07.2022
Sachsen,2014,LAK3),350454.765,87081.47248,110650.329,2504.9294,84564.7086,23540,40.691,152722.9635,14.07.2022
Sachsen,2015,LAK3),358054.54,88996.5566,111654.6242,2441.7668,85583.7104,23584.453,44.694,157403.3592,14.07.2022
Sachsen,2016,LAK3),368149.8927,89750.8538,114226.075,2557.7908,86627.4912,24995.2,45.593,164172.9639,14.07.2022
Sachsen,2017,LAK3),378494.3282,90887.7044,117856.819,2439.57,88077.7334,27254.23638,85.2792,169749.8048,14.07.2022
Sachsen,2018,LAK3),368473.8306,91595.59874,107794.058,2679.234684,85012.5112,20038.40216,63.90996303,169084.1739,14.07.2022
Sachsen,2019,LAK3),364763.8739,88418.18302,107795.5392,2394.356741,85761.17039,19554.46598,85.54611517,168550.1516,08.03.2023
Sachsen,2020,,369392.9451,99018.54659,100487.6558,2079.522479,78202.43472,20120.63208,85.06655985,169886.7426,25.04.2023
Sachsen,2021,,389448.4159,104395.209,103601.7257,2281.64014,78416.9447,22813.41614,89.72473243,181451.4812,08.02.2024
Sachsen,2022,,376198.6201,95997.88894,107399.3414,2259.460881,79282.70014,25760.31467,96.86575354,172801.3897,15.11.2024
Sachsen-Anhalt,1990,LAK3),503352,260661,52275,7662,44443,0,169,190417,08.06.2023
Sachsen-Anhalt,1991,,354261,167826,49957,8673,41028,85,171,136478,
Sachsen-Anhalt,1992,,305450,131564,49965,5670,43953,129,213,123921,
Sachsen-Anhalt,1993,,314098,102777,62039,5965,55817,129,128,149282,
Sachsen-Anhalt,1994,,294811,92319,64530,5391,58708,216,215,137962,
Sachsen-Anhalt,1995,,294472,90062,67566,5242,61894,258,172,136844,
Sachsen-Anhalt,1996,,283847,64591,67433,4895,62064,259,215,151823,
Sachsen-Anhalt,1997,,256387,64316,67826,5230,62165,259,172,124245,
Sachsen-Anhalt,1998,,244683.7352,63915.22294,68332.6664,5138.5764,62763.707,258.543,171.84,112435.8459,
Sachsen-Anhalt,1999,,260865.5698,85979.14565,68361.95682,3963.197815,63925.336,344.543,128.88,106524.4674,
Sachsen-Anhalt,2000,,266328.2595,86700.49039,64374.47,2783.466,60945.581,516.543,128.88,115253.2991,
Sachsen-Anhalt,2001,,275807.7707,84704.20391,63345.14,3881.37,58861.347,473.543,128.88,127758.4268,
Sachsen-Anhalt,2002,,273293.7809,92734.22135,60887.0636,3809.2416,56776.359,215.543,85.92,119672.4959,
Sachsen-Anhalt,2003,LAK3),278341.0211,97349.59597,60976.9084,3384.5484,56430.897,1075.543,85.92,120014.5168,08.06.2023
Sachsen-Anhalt,2004,LAK3),282645.3218,105109.2637,63275.4768,3235.1568,57330.897,2580.543,128.88,114260.5813,08.06.2023
Sachsen-Anhalt,2005,LAK3),295128.8758,115035.677,58912.88129,3160.086,55272.37229,344.543,135.88,121180.3175,08.06.2023
Sachsen-Anhalt,2006,LAK3),301409.2554,122455.9255,58918.19102,3024.35956,55434.86516,343.143,115.8233,120035.1389,08.06.2023
Sachsen-Anhalt,2007,LAK3),288871.1671,131857.6188,58206.24212,2968.84376,54950.90432,214.743,71.75104,98807.30622,08.06.2023
Sachsen-Anhalt,2008,LAK3),292070.2386,124247.0982,57383.55809,2928.5558,54208.08893,189.397398,57.51596,110439.5822,08.06.2023
Sachsen-Anhalt,2009,LAK3),287581.5218,123554.0569,57040.12054,2829.60056,53877.10186,214.106078,119.31204,106987.3443,08.06.2023
Sachsen-Anhalt,2010,LAK3),310625.9891,131483.8557,57992.19148,2904.26172,54741.57278,236.685903,109.67108,121149.942,08.06.2023
Sachsen-Anhalt,2011,LAK3),300713.5333,139472.317,57389.06042,2824.47564,54233.98582,202.98848,127.61048,103852.1559,08.06.2023
Sachsen-Anhalt,2012,LAK3),311011.3364,141209.0086,57445.05073,2719.35832,54329.29507,226.233183,170.16416,112357.277,08.06.2023
Sachsen-Anhalt,2013,LAK3),309189.4533,139814.7607,57875.61058,3091.7578,54427.35481,186.225446,170.27252,111499.082,08.06.2023
Sachsen-Anhalt,2014,LAK3),298270.7976,142233.8293,57664.48759,3106.664398,54219.53689,167.924096,170.362209,98372.48068,08.06.2023
Sachsen-Anhalt,2015,LAK3),296978.2408,140763.1914,57751.44041,2989.946604,54272.27193,277.393531,211.828352,98463.60898,08.06.2023
Sachsen-Anhalt,2016,LAK3),305623.4479,140367.897,57886.52432,3109.738504,54401.41478,163.719072,211.651968,107369.0266,08.06.2023
Sachsen-Anhalt,2017,LAK3),309379.6599,148029.1486,58362.12716,3149.501536,54917.03075,83.931204,211.663672,102988.3841,08.06.2023
Sachsen-Anhalt,2018,LAK3),316420.9564,151383.044,57873.08721,3215.44532,54211.75968,233.793482,212.088728,107164.8251,08.06.2023
Sachsen-Anhalt,2019,LAK3),305837.5341,144677.1624,58016.04411,2960.028448,54591.34772,294.901612,169.766328,103144.3276,08.06.2023
Sachsen-Anhalt,2020,,296620.4745,143640.921,53031.5985,2797.287904,49743.02305,317.896342,173.3912,99947.95501,30.05.2023
Sachsen-Anhalt,2021,,313714.3305,149691.2648,53360.14915,2985.587448,49879.64953,321.461356,173.450816,110662.9165,19.12.2023
Sachsen-Anhalt,2022,,297400.2953,139540.3809,53448.94567,2905.290552,50023.44489,340.882168,179.32806,104410.9688,04.11.2024
Schleswig-Holstein,1990,LAK3),305933,67322,83472,1641,74769,4278,2784,155139,30.06.2022
Schleswig-Holstein,1991,,314800,65074,83239,1740,75551,3215,2733,166487,30.06.2022
Schleswig-Holstein,1992,,314783,65573,84071,1722,76919,2526,2904,165140,30.06.2022
Schleswig-Holstein,1993,,318278,67091,86301,1697,79043,2614,2947,164887,30.06.2022
Schleswig-Holstein,1994,,310941,67413,83633,1700,76379,2735,2819,159895,30.06.2022
Schleswig-Holstein,1995,,310773,65660,85177,1659,78961,2065,2492,159939,30.06.2022
Schleswig-Holstein,1996,,326211,66131,83708,1871,78097,1549,2191,176373,30.06.2022
Schleswig-Holstein,1997,,315718.9778,62922,84307,1861,79050,1721,1675,168492.9778,30.06.2022
Schleswig-Holstein,1998,,309963.3811,61497,86376,1908,81200,1721,1547,162091.3811,30.06.2022
Schleswig-Holstein,1999,,303125.3811,64835,86939,1527,82574,1592,1246,151353.3811,30.06.2022
Schleswig-Holstein,2000,,297478.4867,64896.595,85915.6,1379.52,81612,1764,1159.92,146666.3017,30.06.2022
Schleswig-Holstein,2001,,302552.5287,50019.98489,83980.2538,1740.4728,79918.278,1204.543,1116.96,168552.691,30.06.2022
Schleswig-Holstein,2002,,285466.8422,47496.98513,83855.4634,1663.2264,79913.614,1290.543,988.08,154114.3865,30.06.2022
Schleswig-Holstein,2003,LAK3),291800.9064,44923.65291,80744.60998,1883.792392,76292.09545,1462.543,1106.179139,166132.6435,30.06.2022
Schleswig-Holstein,2004,LAK3),286026.9249,42097.28042,81625.27663,1453.242374,76759.37656,2150.543,1262.114693,162304.3679,30.06.2022
Schleswig-Holstein,2005,LAK3),273986.0435,44114.0693,78583.20627,1358.2612,74057.60207,1806.543,1360.8,151288.7679,30.06.2022
Schleswig-Holstein,2006,LAK3),276885.6479,43771.38697,78851.42803,1338.6636,74424.33343,1969.543,1118.888,154262.8329,30.06.2022
Schleswig-Holstein,2007,LAK3),257372.4272,44821.0716,77714.24827,1297.6328,73280.39247,2440.343,695.88,134837.1073,30.06.2022
Schleswig-Holstein,2008,LAK3),267144.171,44729.57408,75281.79615,1282.5602,72074.39395,1370.343,554.499,147132.8008,30.06.2022
Schleswig-Holstein,2009,LAK3),258596.5526,42952.58937,74721.83174,1216.68119,71275.16616,1076.550617,1153.433778,140922.1314,30.06.2022
Schleswig-Holstein,2010,LAK3),274461.3603,47818.36089,75138.78837,1428.313023,71737.16329,913.3571796,1059.954878,151504.2111,30.06.2022
Schleswig-Holstein,2011,LAK3),261653.2102,46391.72224,74207.55169,1436.400185,71048.87034,658.8514777,1063.429684,141053.9363,18.03.2024
Schleswig-Holstein,2012,LAK3),274562.6196,45294.95051,74654.10743,1606.074068,71422.81921,604.1836609,1021.030491,154613.5616,18.03.2024
Schleswig-Holstein,2013,LAK3),284779.8495,44447.72171,76455.64811,1431.335034,73422.76288,621.9089844,979.6412112,163876.4796,18.03.2024
Schleswig-Holstein,2014,LAK3),267595.5345,41523.96337,76817.9551,1442.541089,73985.9473,410.1587753,979.3079365,149253.6161,18.03.2024
Schleswig-Holstein,2015,LAK3),271909.4252,42264.28856,77934.77134,1383.779847,75237.86057,338.6769159,974.4540044,151710.3653,18.03.2024
Schleswig-Holstein,2016,LAK3),272391.9573,41933.19473,79608.76047,1510.718273,76932.81484,233.8960791,931.3312708,150850.0021,18.03.2024
Schleswig-Holstein,2017,LAK3),274667.4151,41883.98356,80147.88638,1416.985952,77653.15068,188.7642704,888.9854778,152635.5451,18.03.2024
Schleswig-Holstein,2018,LAK3),274132.4316,44329.43128,78039.65831,1479.296874,75132.99427,469.538347,957.8288209,151763.342,18.03.2024
Schleswig-Holstein,2019,,264217.8425,43839.96447,78169.38629,1279.430317,75683.61854,245.1483352,961.1890995,142208.4917,18.03.2024
Schleswig-Holstein,2020,,264555.1275,43328.07119,72266.24142,1208.500559,69913.99296,252.424224,891.3236721,148960.8149,18.03.2024
Schleswig-Holstein,2021,,272419.8196,44931.26508,72535.26817,1245.094378,70136.8718,275.668678,877.6333147,154953.2864,18.03.2024
Schleswig-Holstein,2022,,262650.7984,42409.31264,73066.66353,1358.412644,70459.99327,381.3995888,866.8580315,147174.8223,27.08.2024
Thüringen,1990,,307930,116264,44083,5171,38287,625,0,147583,
Thüringen,1991,,242294,79183,45230,4143,41002,85,0,117881,
Thüringen,1992,,216432,59096,48032,3387,44595,50,0,109304,
Thüringen,1993,,207562.5536,47967,53116,3304,49769,43,0,106479.5536,
Thüringen,1994,,193519,34220,54061,2957,51018,86,0,105238,
Thüringen,1995,,202871.1454,37866.88721,59069.638,2251.44,56689.198,129,0,105934.6206,
Thüringen,1996,,209613.237,38845.99174,58656.1898,2055.6768,56471.513,129,0,112111.0549,
Thüringen,1997,,203620.5114,37318.81603,58747.2596,2103.1896,56515.07,129,0,107554.4358,
Thüringen,1998,,204593.3809,36713.43247,59875.783,1983.684,57290.099,602,0,108005.0409,
Thüringen,1999,,205966.6193,37544.79034,62044.8814,1874.5764,59396.305,774,0,106381.5198,
Thüringen,2000,,204701.7465,38622.80699,61748.105,1872.246,58671.859,1204,0,104315.2907,
Thüringen,2001,,213296.7537,38503.2596,61288.23794,2561.904,57608.33394,1118,0,113505.0859,
Thüringen,2002,,219047.2157,43505.29849,61757.5984,2310.1884,58329.41,1118,0,113784.3188,
Thüringen,2003,,223350.6316,49724.17866,58863.2102,2813.2452,54931.965,1118,0,114763.2572,
Thüringen,2004,,221384.5622,50699.09803,58916.7058,2222.1588,56307.547,387,0,111768.6734,
Thüringen,2005,,220633.7433,51078.79287,57833.20606,2164.6696,55197.73646,470.8,0,111723.2857,
Thüringen,2006,,221655.715,54016.89098,57091.87271,1915.8044,54748.06831,428,0,110546.9389,
Thüringen,2007,,213000.4941,59926.89558,56769.52714,2029.9812,54397.14594,342.4,0,96304.24351,
Thüringen,2008,,218115.4168,56099.97229,56120.53203,1992.072,53700.46003,428,0,105893.5215,
Thüringen,2009,,205848.5853,49716.48072,55352.58608,1847.3848,53248.40128,256.8,0,100777.7644,
Thüringen,2010,,219515.521,56183.37303,55966.76259,1921.4888,53660.07379,385.2,0,107365.6774,
Thüringen,2011,,206693.423,0,55417.70187,1812.216,53236.92074,368.565138,0,94986.59485,
Thüringen,2012,,209621.1437,55017.98595,54647.72269,1967.9428,52551.37989,128.4,0,99955.43405,
Thüringen,2013,,214692.3094,55533.7848,53965.17672,1936.5804,51942.99632,85.6,0,105193.502,
Thüringen,2014,,202701.1559,55600.01111,53824.70972,1917.420156,51785.73757,121.552,0,93276.50143,
Thüringen,2015,LAK3),205028.6975,55828.68174,53820.32692,1859.640182,51838.21593,122.470816,0,95379.68881,15.06.2022
Thüringen,2016,LAK3),209619.2396,59600.40037,54446.39361,1751.89979,52568.64595,125.8478726,0,95572.4456,20.06.2022
Thüringen,2017,LAK3),208303.285,58789.98032,54948.46999,1697.026342,53099.84441,151.5992344,0,94564.8347,21.06.2022
Thüringen,2018,LAK3),208152.5259,60389.87795,53641.50516,1867.896372,51533.05738,240.5514098,0,94121.14276,24.06.2022
Thüringen,2019,LAK3),207760.1801,59460.23297,54281.63043,1810.097564,52236.93978,234.4089822,0.1841088,94018.31669,27.06.2022
Thüringen,2020,,201357.0338,57041.25159,49868.78805,1762.420942,47879.13317,227.0155742,0.2183616,94446.99418,12.09.2022
Thüringen,2021,,205725.8673,57357.51752,49994.68866,1872.493929,47973.54754,148.6471924,0,98373.66112,25.03.2024
Thüringen,2022,,,,,,,,,,
 ,,,,,,,,,,,
Anmerkungen:,,,,,,,,,,,
"1) Gewinnung von Steinen und Erden, sonstiger Bergbau, Verarbeitendes Gewerbe",,,,,,,,,,,
p) Vorläufige Zahl,,,,,,,,,,,
LAK3) (Revisionen bis Berichtsjahr 2018 auf Basis NIR 2022),,,,,,,,,,,
BY4) Aus Geheimhaltungsgünden werden im BJ 2010 füssige biogene Energieträger und Kraftstoffe gemeinsam verbucht,,,,,,,,,,,
BY1) Revidiert Stromverbrauch auf Basis der physischen Stromabgabe an Letztverbraucher berechnet,,,,,,,,,,,
BY2) Stromverbrauch auf Basis der physischen Stromabgabe an Letztverbraucher berechnet,,,,,,,,,,,